body,title,url
"
Tailandia se ha convertido en uno de los destinos favoritos de Demi Rose para vacacionar o para rodar sus sesiones fotográficas. 

Y, tras su más reciente viaje al país asiático, la modelo curvy fue captada por paparazzis haciendo alarde de su figura con un diminuto bañador a la vez que disfrutaba de un paseo en yate. 

La joven de 24 años presumió un bikini con prominente escote, confeccionado con pequeños trozos de tela amarilla, sostenidos por lazos. 



Foto: The Grosby Group

Su cabello lució húmedo luego de pasear en moto acuática con sus amigos. Su rostro conservó intacto el maquillaje que ayudó a definir su belleza: labios nude, pestañas remarcadas con mascara negra y ligeros destellos bronceados sobre sus pómulos. 

La celebridad de redes sociales jugueteó con el agua con discretas prendas de joyería: anillos plateados y un par de pequeños pendientes. 

Desde su separación del DJ Chris Martinez en octubre pasado, la modelo ha viajado por diversas partes del mundo. Se le ha visto disfrutando de intermitentes escapadas a Las Vegas, Colorado y California, a Cannes, Jordania, Túnez, al Mar Muerto, Egipto, México y España. 

Visita 






Ariel Winter deslumbra con vestido ajustado en Los Ángeles


Ariel Winter, actriz de ""Modern Family"", asistió a una fiesta organizada por Spotify en California 




Ante su apretada agenda, Rose Mawby trata de cuidar su figura de impacto, herramienta principal de su trabajo como modelo de lencería y bikinis. 

¿De qué forma? La británica asegura que las dietas son su principal recurso para mantenerse saludable y en forma. 

“Trato de mantenerme lo más saludable posible. Con los viajes, es difícil hacer ejercicio, viajo por todo el mundo pero trato de mantener mi rutina”, reveló en entrevista con MailOnline. 

“Todos dicen que soy la persona más saludable que conocen. La cosa más grasosa que como son nueces y mantequilla de maní. Mi figura aumenta de peso rápidamente. Cualquier cosa mala que como, mi cuerpo lo resiente y simplemente aumenta de peso. Eso significa que no hay pastel de cumpleaños”. 




 


 

 



 




Ver esta publicación en Instagram


 



 

 

 



 

 



 

 

 



Has anyone seen Mr Bond? Asking for a friend

irosemawby) el 23 de Ene de 2020 a las 10:01 PST




 




 


 

 



 




Ver esta publicación en Instagram


 



 

 

 



 

 



 

 

 




 

 


Una publicación compartida semawby) el 18 de Ene de 2020 a las 12:47 PST




 




 


 

 



 




Ver esta publicación en Instagram


 



 

 

 



 

 



 

 

 




 

 


Una publicación compartidosemawby) el 12 de Ene de 2020 a las 1:13 PST




No te pierdas 






Khloé Kardashian destila glamour con bustier y mezclilla total 


Su expareja, Tristan Thompson, comentó las fotografías de este glamoroso conjunto 




MA

 

• ¿Ya conoces nuestro canal de YouTube? ¡Suscríbete!
",,https://www.viveusa.mx/showbiz/demi-rose-presume-silueta-curvy-con-bikini-en-viaje-por-tailandia
"
La ceremonia número 62 del Grammy se llenó de un ambiente oscuro este domingo por la muerte del basquetbolista Kobe Bryant. El encuentro se realiza año con año en el Staples Center de Los Ángeles, lugar conocido por ser el hogar de los Lakers, equipo de baloncesto al que perteneció Kobe. 
Pero esta no es la primera vez que al Grammy lo rodean, más que noticias sobre glamour y música, controversia y tragedia. 
Estos son algunos de los episodios que han marcado a la premiación realizada por la por la Academia Nacional de Artes y Ciencias de la Grabación de Estados Unidos.  
 

Muerte de Kobe Bryant y su hija Gianna.
La mañana de este domingo decenas de personas arribaron a las afueras del Staples Center para despedir y rendir homenaje a la celebridad del basquetbol.
El deportista perdió la vida junto a su hija y el resto de personas que viajaban en un helicóptero que se desplomó sobre Calabasas, al noroeste de Los Ángeles.
Al ser el hogar de los Lakers el arribo de sus seguidores no se hizo esperar y en redes sociales se hablaba incluso de que querían cancelar la entrega del Grammy. Sin embargo esto no sucedió y los encargados de la premiación decidieron rendir un homenaje por lo que la conductora Alicia Keys dio unas palabras y cantó mientras se mostraba en la cima del recinto la playera con su mítico número “24”.

Alicia Keys en la 62 entrega de los Grammy recordando a Kobe Bryant. Foto: AFP
También lee: Ariana Grande, como quinceañera y con sus papás, en los Grammy 
 

Muerte de Whitney Houston

Era el año 2012 y un día antes de la entrega número 54, el 11 de febrero, la cantante Whitney Houston fue encontrada muerta en la bañera de su habitación del hotel Beverly Hilton en Los Ángeles. 
Días antes Houston había estado en ensayos para su presentación en la fiesta previa de los Grammy donde cantó “Jesus loves me” junto a Kelly Price. 
Durante la ceremonia realizada el 12 de febrero le rindieron homenaje con Jennifer Hudson cantando “I will always love you”.
En su habitación se encontraron fármacos y el informe toxicológico realizado a su cuerpo reveló que había en ella sustancias como cocaína, marihuana y medicamentos como Benadryl; la muerte se catalogó como un accidente.

Whitney Houston. Foto: Archivo
 

Chris Brown le da golpiza a Rihanna
En 2009, durante la fiesta previa a la entrega de los Grammy organizada por Clive Davis, una discusión entre ambos cantantes se salió de control. Brown golpeó a la cantante al grado de abrirle el labio por lo que ambos estuvieron ausentes durante la ceremonia del Grammy. 
La pareja había salido desde el año anterior y posteriormente al ataque él se declaró culpable por lo que pagó una condena de cinco años de libertad condicional más servicios comunitarios. 
Después del altercado volvieron a ser amigos y en 2013 retomaron su relación pero ésta no duró.  

Rihanna fue golpeada por Chris Brown. Foto: Archivo

También lee: Michelle Obama gana premio en los Grammy 2020
 

¿Fraude en la Academia?
La exdirectora ejecutiva de la Academia Nacional de Artes y Ciencias de la Grabación de Estados Unidos denunció en días pasados que las nominaciones se dan a los artistas que ofrecen cierta cantidad de dinero.
Deborah Dugan incluso demandó a la Academia pues explicó que fue despedida por conducta inapropiada pero sin algún motivo aparente. 
Según su reversión su despido se dio después de que revelara las irregularidades de las que había sido testigo entre ellas las que tendrían que ver con acoso sexual.
Dugan había sido la primera mujer en dirigir la Academia al tomar el cargo en agosto de 2019.


Deborah Dugan. Foto: AFP
 

Cancelan la entrega
No sólo el Grammy, también el Latin Grammy ha tenido sus malos momentos. En una trágica coincidencia, la entrega de 2001 iba a realizarse el 11 de septiembre, día en que tuvieron lugar una serie de atentados terroristas en Estados Unidos incluidos el ataque de los edificios del World Trade Center -entre ellos las Torres Gemelas- en Nueva York y los daños al edificio del Pentágono, ubicado en Washington.
Ese año el mayor ganador fue Alejandro Sanz seguido por Juanes. Como dato curioso, Luis Miguel por primera vez había aceptado cantar en la ceremonia, pero todo quedó en eso.
Los galardones sí fueron entregados, pero lo hicieron mediante servicio de correo.
Luis Miguel. Foto: Clasos
También lee: Grammy 2020: Recuerdan a Kobe Bryant; conoce a los ganadores​​​​​​​
 

Se quedan sin Grammy
En 1991 la cantautora Sinead O’Connor estuvo nominada en cuatro categorías que incluían Grabación del año e Interpretación vocal pop femenina. La irlandesa fue ganadora por Álbum de música alternativa gracias al álbum “I do not want what i haven’t got” pero lo rechazó al tachar el premio de materialista diciendo que el se entregaba al que más hubiera vendido y no al mejor artísticamente.  
Un año antes el dúo Milli Vanilli había ganado como Mejor artista revelación, pero al descubrirse que en realidad Rob Pilatus y Fab Morvan no habían grabado los temas y sólo servían como imagen del grupo decidieron retirarles el premio.

Milli Vanilli. Foto: Archivo

al
 
",Fatalidades oscurecen la entrega de los Grammy,http://www.eluniversal.com.mx/espectaculos/musica/fatalidades-oscurecen-la-entrega-de-los-grammy
"
La granada puede ayudar a mejorar la erección masculina, según señala el estudio “Eficacia y seguridad del jugo de granada en la mejora de la disfunción eréctil en pacientes masculinos con disfunción eréctil leve a moderada”.

De acuerdo con la investigación, después de dividir a los participantes, y dar placebo a un grupo y jugo de granada a otro, los hombres que tomaron el jugo tuvieron menos problemas para lograr una erección que quienes no lo tomaron. 

Por otro lado, otro estudio realizado por la Facultad de Medicina Veterinaria de la Universidad de Firat en Turquía, encontró que la granda no sólo mejora la erección masculina sino que tiene efectos positivos sobre el esperma. 

Según señala la investigación, la cual fue realizada en ratas, tras administrar agua destilada con concentraciones de extracto de jugo de granada las ratas mostraron un incremento de la concentración y calidad de su esperma, además de mejorar la movilidad de los espermatozoides.

Para poder demostrar este beneficio antes de administrar el extracto de granada se realizó una medición “de los pesos corporales, de los órganos reproductores, de la densidad celular espermatogénica, de las características de los espermatozoides, de los niveles de vitaminas antioxidantes, de los niveles de  testosterona y de las actividades de las enzimas antioxidantes”. 

El efecto fue asociado a un incremento en los niveles de antioxidantes en el organismo de los roedores. De acuerdo con los científicos, la granada aporta una gran cantidad de antioxidantes y estos pueden tener un efecto positivo en la salud reproductiva.  

Además de esta propiedad a la granada se le atribuyen muchos otros beneficios, entre los que se encuentran protección a la salud cardiovascular, prevenir la aparición de la diabetes, brindar un efecto antimicrobiano, prevenir el fotoenvejecimiento, entre muchos otros. 

Estas propiedades de le atribuyen a la gran cantidad y variedad de los antioxidantes presentes en la granada los cuales son muy superiores a los de muchos de los alimentos 


 
",,https://www.elbotiquin.mx/bienestar/granada-ayuda-mejorar-la-ereccion-masculina-editada
"
Litzy sorprendió a sus seguidores en Instagram al compartir una sexy fotografía en lencería con la que consiguió más de 31 mil likes en una hora, entre los sorprendidos figura Erik Rubín. 
La cantante de 37 años se dijo impactada por la reacción del público, con lo que para ella quedó comprobado que ""el que no enseña no vende"". 
“Estoy impactada, nomás lo hice para calarlos a todos, me subí en calzones para ver si es cierto que el que no enseña no vende, toda la razón, es verdad, lo acabo de comprobar”, expresó. 
Litzy no sólo impactó a sus fans, sino también a sus colegas cantantes, como Erik Rubín, quien comentó la instantánea con un ""Qué guapa"", acompañado de emoticones mandando besos. 
Por supueto que los cibernautas no dejaron pasar el halago de Rubín, y mientras que algunos opinaron que no tiene nada de malo el gesto, otros reprobaron lo hecho por el esposo de Andrea Legarreta.
""@erikrubinoficial Nombre ya no pueden mandar un halago porque piensan que ya se la está ligando... Se pasan chicas. Ah, pero no fuera mi marido que le dice a otra que guapa porque lo dejo sin cena por 4 meses"", escribió una cibernauta.



La conductora de ""Hoy"", Andrea Legarreta también comentó la foto de Litzy, su comentario aparece justo abajo del de su esposo Erik Rubín; Legarreta sólo escribió: ""Woooow"", acompañado con unos emoticones con ojitos en forma de corazón. 



Recientemente Erik Rubín y Andrea Legarreta hicieron un viaje familiar a China, del que compartieron en sus respectivas redes fotografías, entre ellas, una muy romántica en la que posan juntos. 
 



 


 

 



 




Ver esta publicación en Instagram


 



 

 

 



 

 



 

 

 



Así ... 

Una publicación compartida de  andrealegarreta (@andrealegarreta) el 5 Ene, 2020 a las 10:31 PST



Famosos como Marjorie de Sousa, Maite Perroni y Sharis Cid se sumaron a los piropos para la intérprete de ""No te extraño"" y ""Quisiera ser mayor"". 
rad 
",Erik Rubín chulea foto de Litzy en lencería,https://www.eluniversal.com.mx/espectaculos/farandula/erik-rubin-chulea-foto-de-litzy-en-lenceria
"
Los congresistas demócratas tuvieron tres días de la semana pasada para explicar su caso en el juicio de destitución contra Donald Trump. Lo hicieron de manera contundente, presentando frente al jurado de senadores, en su mayoría republicanos y aliados incondicionales del presidente, un cúmulo de evidencia que, visto objetivamente, no deja lugar a dudas sobre el abuso de poder en el que incurrió Trump al tratar de extorsionar al gobierno ucraniano para obtener información que afectara directamente a Joe Biden, su más probable rival en las elecciones de noviembre.  El congresista demócrata Adam Schiff, líder del grupo de fiscales demócratas en el juicio, cerró la exposición el jueves pasado. Lo hizo con un discurso que queda para la historia. Los últimos minutos, en particular, son una muestra de oratoria efectiva y claridad moral. “Si lo correcto no importa, estamos perdidos. Si la verdad no importa, estamos perdidos”, dijo Schiff, tratando de contener las lágrimas. “Ustedes saben que lo que hizo (Trump) no fue correcto. Y ustedes saben que no pueden confiar en que este presidente hará lo correcto para este país.
Pueden confiar en que hará lo necesario para Donald Trump”. Schiff concluyó sugiriendo a sus colegas senadores que, si encuentran culpable a Trump al final del proceso, deben votar para destituirlo. “Porque lo correcto importa. Porque la verdad importa. De otra manera estamos perdidos”, dijo.
La buena noticia para la salud de la democracia estadounidense es que, solo en Twitter, el video de Schiff tiene ya más de ocho millones de vistas. El hashtag #rightmatters (lo correcto importa) encabezó los “trending topics” por varias horas. Así, no cabe duda de que los demócratas presentaron sus argumentos de manera exitosa y que esa contundencia, encabezada por Schiff (cuyo futuro en el partido y la política de su país es luminoso) hará daño a Trump con los votantes. ¿Qué tanto? Mucho dependerá de la manera como el electorado digiera la conclusión del juicio, que incluirá, a menos de que ocurra un milagro, uno de los más lamentables episodios de desfachatez política de la historia de Estados Unidos. Porque mientras los demócratas presentaban sus argumentos a detalle, los republicanos en el Senado se dedicaron a bloquear cualquier intento de transparencia en el proceso. En su afán de defender ciegamente a Trump, la mayoría republicana en el Senado bloqueó la presentación de evidencia y se ha negado a permitir la libre comparecencia de testigos, ambos factores indispensables (por si hiciera falta decirlo) para garantizar la probidad en este y cualquier juicio. El equipo defensor de Trump insiste en que el proceso ha sido ilegítimo e ilegal. Mienten en ambos casos: la conducta de Trump merecía este tipo de investigación y eventual juicio y el proceso de destitución está contemplado en la constitución estadounidense. Pero a los republicanos no les importa —como diría Schiff— lo correcto. Les importa proteger a Trump. Dentro de unos días, sin importar la evidencia o cualquier otra cosa, votarán para exonerarlo y Trump cantará victoria. La pregunta entonces será cómo digerirán los electores el proceso entero.
En principio, hay algunas buenas señales para la causa demócrata. De acuerdo con un sondeo reciente de la cadena ABC, un 66% de los estadounidenses piensa que el Senado debería permitir la comparecencia de testigos. Una mayoría también apoya el juicio de destitución. Pero hasta ahí. En esa misma encuesta, 49% de los estadounidenses dice que el Senado no debe destituir a Trump (47% opina lo contrario). En suma, a pesar de las tropelías republicanas, el proceso entero sigue siendo una apuesta relativamente arriesgada para el partido demócrata.
Todo puede pasar. Por ahora, el mejor escenario es que, al final de la historia, el cinismo republicano resulte tan flagrante que el electorado decida dar un golpe en la mesa cuando llegue la hora de votar en noviembre. Para ello, los votantes estadounidenses tendrán que decidir si Adam Schiff tiene razón y el sistema estadounidense, creado hace dos siglos y medio por una brillante generación de estadistas, es lo suficientemente enérgico como para defender lo correcto, lo justo y lo legal frente al abuso de poder y la voluntad autoritaria de un hombre y sus sicofantes. Los votantes tendrán que decidir si en Estados Unidos importan más las garantías de la ley o la voluntad de un solo hombre. ¿Es el país de Hamilton, Franklin, Madison y Washington o de Donald Trump? ¿El país de la histórica constitución de 1787 o el de Donald Trump? No hay más.
",Lo correcto importa,https://www.eluniversal.com.mx/opinion/leon-krauze/lo-correcto-importa
"
Michael Jordan habló sobre la muerte de Kobe Bryant.
”Estoy en shock por las trágica noticia de Kobe y Gianna (su hija). Las palabras no pueden describir el dolor que siento”.
Lee también: Kobe Bryant muere en accidente de helicóptero 
Más allá de una rivalidad, Jordan señaló que siempre le gustó el juego de Kobe y le llegó a tomar gran cariño: “Siempre me encantó ver jugar a Kobe, pasar tiempo con él, era como un hermanito menor para mí”.

Statement from Michael Jordan: pic.twitter.com/oI7w6e7HLI
 — Estee Portnoy (@esteep) January 26, 2020
 La relación traspasó la admiración mutua en la cancha: “Solíamos hablar a menudo y en verdad extrañaré esas conversaciones. Él era un feroz competidor, era uno de los grandes en la historia del juego”.
Lee también: ¿Quién fue Kobe Bryant y cuál fue su legado en la NBA?
Destacó las cualidades del exjugador de los Lakers en la duela: “Kobe era un buen hombre, un padre que amaba profundamente a su familia y le inculcó el amor por el deporte a su hija. Yvette (su esposa) se une a mí para enviar nuestras más profundas condolencias a Vanessa (esposa de Kobe Bryant), a la organización de los Lakers y a todos los aficionados del basquetbol en el mundo”.




",Kobe Bryant era como un hermano menor para mí: Michael Jordan,https://www.eluniversal.com.mx/universal-deportes/mas-deportes/kobe-bryant-era-como-un-hermano-menor-para-mi-michael-jordan
"
CDMX.- El presidente Andrés Manuel López Obrador indicó que no le corresponde opinar sobre la situación que vive Morena –quien ayer eligió a Alfonso Ramírez como presidente interino, pero secretaria general en funciones de presidenta Yeidckol Polevnsky asegura que es la líder nacional de ese partido- los exhortó a que resuelvan sus diferencia por medio de la democracia, y aseguró que permanece dentro de este partido que fundó y lo llevó a la Presidencia.
“Nada, silencio, no me corresponde, no tengo porque participar en eso. Ya lo he dicho, deseo a todos los partidos que resuelvan sus deferencia con el método de la democracia”, dijo.
En Palacio Nacional y a pregunta explicita si continuaría dentro del partido, indicó que sí, “nada más que tengo licencia, porque tengo la obligación de gobernar para todos los mexicanos. Antes (el presidente) era el jefe político del partido que lo llevaba a la presidencia. Jefe político, y el decidía quién iba a dirigir el partido, de dónde surgía”.
“Eso ya no, no me ocupo de eso. Estoy ahora representando a todos los ciudadanos de todos los partidos, a creyentes y no creyentes a campesinos, a ricos y a pobres, a todos. No soy jefe del partido, ni jefe de grupo, ni de camarilla”, dijo.
Lea también: Morena amanece con dos dirigentes tras Congreso Nacional
“La línea es que no hay línea, y que se resuelva de manera democrática”, agregó.
Detalló que este lunes se reunirá con gobernadores del PRI, mientras que esta semana y la próxima con legisladores y dirigentes de PAN, Morena, y del Partido del Trabajo (PT).
 
",AMLO pide a Morena resolver sus diferencias por medio de la democracia,http://www.eluniversal.com.mx/nacion/la-mananera-amlo-pide-morena-resolver-sus-diferencias-por-medio-de-la-democracia
"
El helicóptero en el que viajaba Kobe Bryant y que finalmente provocó su fallecimiento, luego de que se accidentara y se incendiara, es un modelo que tiene más de 40 años desde que salió al mercado. 
El Sikorsky S76, que lo adquirió Bryant en 2016, era una aeronave que contaba con dos motores, un rotor principal y una cola con cuatro aspas, el cual fue diseñado por la compañía Sikorsky Aircraft Corporation. 
Lee también: El mundo del deporte lamenta el fallecimiento de Kobe Bryant
El primer vuelo de este modelo se reporta en 1977 y, dos años después, fue introducido al público. La aeronave tenía usos civiles y militares, además de que varios de sus aeronaves tenían presencia en varios países del mundo como Filipinas, Guatemala, Brasil Canadá e incluso México. 
En un inicio, estos helicópteros fueron creados para trasladar a usuarios y trabajadores a plataformas petroleras que se encontraban en altamar. 

NBA Commissioner Adam Silver issued the following statement today regarding the passing of Kobe Bryant pic.twitter.com/P88GwIwmYV
 — NBA (@NBA) January 26, 2020

Además, hay submodelos de la aeronave, los cuales tenían algunas mejoras. Algunos de estos submodelos eran destinados para el uso exclusivo militar. 
La empresa Sikorsky Aircraft Corporation es una compañía especializada en la construcción de helicópteros y que es subsidiaria con Lockhead Martin. Estas aeronaves tienen son utilizadas por las fuerzas armadas de los Estados Unidos.
Lee también: Kobe Bryant muere en accidente de helicóptero
 
 ","Este es el Sikorsky S76, el helicóptero en el que murió Kobe Bryant",http://www.eluniversal.com.mx/universal-deportes/mas-deportes/kobe-bryant-este-es-el-helicoptero-en-el-que-murio
"
El número de muertos por la epidemia de neumonía viral en China aumentó a 80, tras el fallecimiento de 24 personas en la provincia de Hubei (centro), epicentro del contagio, informaron este lunes las autoridades locales.
En esta región se registraron 371 nuevos casos de coronavirus, lo que eleva el saldo de casos confirmados a más de 2 mil 300 en todo el país, según cifras del gobierno central.
En unos momentos más información.
rmlgv
",Suman 80 muertos por coronavirus en China; hay 2 mil 300 contagios ,http://www.eluniversal.com.mx/mundo/coronavirus-suman-80-muerto-en-china-hay-2-mil-300-contagios
"



    googletag.cmd.push(function() {
      googletag.display(""dfp-ad-top3_content"");
    });
  


Hace unos meses, la conductor Jimena Pérez “La Choco” estuvo en el municipio de Valle de Bravo, Estado de México. 
La visita de la conductora, dio a conocer a través del Instagram, donde subió cuatro imágenes.
Qué decían las fotos de""La Choco""
En las primeras dos fotos escribió “Así mi sábado en Valle!”
Mientras que las últimas dos imágenes indicaban “Llevando el sol siempre por dentro”.
VER: Tradicionales bebidas Edomex: Cuáles son
",Las tiernas fotos de “La Choco” en Valle de Bravo,http://www.unionedomex.mx/articulo/2020/01/24/recreo/las-tiernas-fotos-de-la-choco-en-valle-de-bravo
"
Alrededor de las 18:00, el féretro con los restos del exdirigente priista, Aurelio Gancedo Rodríguez, arribaron al salón de usos múltiples Helios Barragán de la sede del PRI en San Luis Potosí, ahí los esperaban funcionarios y militantes del partido.

En el homenaje recordaron al político como un buen ser humano que no merecía morir de esa manera, además de que exigieron justicia por su muerte.

Entre los funcionarios que encabezaron la guardia de honor fueron el gobernador del estado, Juan Manuel Carreras López, el presidente estatal del PRI SLP, Edmundo Torrescano, la secretaria general del PRI SLP, Martha Orta y la exdiputada Rebeca Terán.

La desaparición de Aurelio Gancedo Rodríguez ocurrió desde el martes 21 de enero, pero fue hasta la noche del miércoles que se confirmó el hallazgo de su cuerpo dentro de su auto, que fue abandonado en el colonia Las Mercedes de la capital potosina.
",Último adiós a Aurelio Gancedo ,https://sanluis.eluniversal.com.mx/politica/23-01-2020/ultimo-adios-aurelio-gancedo
"
El exjugador estadounidense de baloncesto de Los Ángeles Lakers, Kobe Bryant, fallecido hoy en Calabasas, cerca de Los Angeles (EE.UU.), en un accidente de helicóptero en el que viajaba junto a otras cuatro personas, fue un deportista legendario que militó en este equipo durante 20 años, hasta su retirada en 2016.
""Con gran tristeza hemos conocido la muerte de Kobe Bryant y otras cuatro personas en Calabasas. La aeronave cayó en una zona remota cerca de Las Vírgenes a las 10 de esta mañana"", indicó la alcaldesa de Calabasas, Alicia Weintraub, en un comunicado.
Bryant viajaba en su helicóptero privado cuando éste se precipitó contra el suelo y se vio envuelto en llamas.
Leer también: Kobe Bryant muere en accidente de helicóptero
El legado de Kobe Bryant en la NBA y en el mundo del deporte es inconmensurable. Para muchos deportistas fue su ídolo y ejemplo a seguir.
Así, por medio de redes sociales cientos de deportistas, equipos y organizaciones dieron sus condolencias.
Leer también: ¿Quién fue Kobe Bryant y cuál fue su legado en la NBA?
 

Increíble @kobebryant #RIP Dios bendiga a su familia.
 — Canelo Alvarez (@Canelo) January 26, 2020


Devastated.
 — Manu Ginobili (@manuginobili) January 26, 2020


We miss you already Kobe
 — Tom Brady (@TomBrady) January 26, 2020
  

No me jodas!! Me he quedado pálido!! Mi pésame a su familia, amigos, al mundo del baloncesto y deporte en general! D.E.P Kobe pic.twitter.com/rhp3U2c9f5
 — Iker Casillas (@IkerCasillas) January 26, 2020


Shocked by the death of @KobeBryant, an exemplary athlete both on and off the basketball court. Our most heartfelt condolences to his family and loved ones. Rest in peace. pic.twitter.com/wGhF4xouVL
 — FC Barcelona (@FCBarcelona) January 26, 2020


Comunicado Oficial: Kobe Bryant#RealMadrid
 — Real Madrid C.F. (@realmadrid) January 26, 2020


R.I.P. Legend #KobeBryant pic.twitter.com/0kLuUqsnqM
 — Esteban Gutierrez (@EstebanGtz) January 26, 2020


AS Monaco envía sus más sinceras condolencias a la familia y seres queridos de Kobe Bryant. Una leyenda del deporte nos deja. Descansa en paz, Kobe. pic.twitter.com/XcSdGyBKcy
 — AS Monaco ES (@AS_Monaco_ES) January 26, 2020


Our hearts are heavy with extreme sadness at this time. We extend our deepest prayers, thoughts and condolences to the family of Kobe Bryant and those affected in today’s tragedy.
 — Miami HEAT (@MiamiHEAT) January 26, 2020


Reports are that basketball great Kobe Bryant and three others have been killed in a helicopter crash in California. That is terrible news!
 — Donald J. Trump (@realDonaldTrump) January 26, 2020


pic.twitter.com/2Rrv9k6jvX
 — NFL (@NFL) January 26, 2020


pic.twitter.com/CSHJBaG6ZQ
 — NBA (@NBA) January 26, 2020


We love you forever. #8 #24
 — Earvin Magic Johnson (@MagicJohnson) January 26, 2020


Devastated to hear the news on my friend @kobebryant passing. Prayers go out to his wife Vanessa and his children and the @Lakers family. pic.twitter.com/Oki9GkYEu5
 — Dennis Rodman (@dennisrodman) January 26, 2020




 


 

 



 




Ver esta publicación en Instagram


 



 

 

 



 

 



 

 

 



@KobeBryant. Se van todos los buenos. Lamento también el fallecimiento de su hija y de los tripulantes del helicóptero. Hasta la vista, leyenda.

Una publicación compartida por  Diego Maradona (@maradona) el 26 de Ene de 2020 a las 1:18 PST


 

Kobe was so much more than an athlete, he was a family man. That was what we had most in common. I would hug his children like they were my own and he would embrace my kids like they were his. His baby girl Gigi was born on the same day as my youngest daughter Me’Arah. pic.twitter.com/BHBPN5Wq8V
 — SHAQ (@SHAQ) January 26, 2020
 

So sad to hear the heartbreaking news of the deaths of Kobe and his daughter Gianna. Kobe was a true legend and inspiration to so many. Sending my condolences to his family and friends and the families of all who lost their lives in the crash. RIP Legend pic.twitter.com/qKb3oiDHxH
 — Cristiano Ronaldo (@Cristiano) January 26, 2020
 ",El mundo del deporte lamenta el fallecimiento de Kobe Bryant,https://www.eluniversal.com.mx/universal-deportes/mas-deportes/el-mundo-del-deporte-lamenta-el-fallecimiento-de-kobe-bryant
"



    googletag.cmd.push(function() {
      googletag.display(""dfp-ad-top3_content"");
    });
  


¿Cómo sacar el número de seguro social (NSS)? Te compartimos esta información que te será de mucha utilidad para saber cuál es tu NSS a partir de tu CURP.
El Número de Seguridad Social (NSS) es único, permanente e intransferible. Se asigna para llevar un registro de los trabajadores y asegurados en el Instituto Mexicano del Seguro Social (IMSS).
Para consultar tu NSS por internet solamente necesitas ingresar a este este enlace y registrar tu CURP y un correo electrónico

¿Cómo saber tul número de seguro social (NSS)?
El número de seguro social o NSS está compuesto por once (11) dígitos con el cual los trabajadores que cotizan en el IMSS son identificados por dicha institución desde el mismo momento de su afiliación. Es de carácter personal, permanente y único. El NSS se compone de los siguientes elementos:
12 - 34 - 56 - 7890 - 0
12 - Refiere a la subdelegación en el que fue afiliado
34 - Se corresponde al año de afiliación
56 - Refiere a la fecha de nacimiento del afiliado
7890 - Son los cuatro dígitos que el IMSS le asignado al trabajador
0 - Es el número de verificación del trabajador ante el IMSS
 
",¿Cómo consultar tu NSS con CURP en línea?,http://www.unionpuebla.mx/articulo/2020/01/21/gobierno/como-consultar-tu-nss-con-curp-en-linea
"
Javier Hernández, como gran parte del deporte mundial, quedó consternado tras la muerte del legendario basquetbolista, Kobe Bryant.
El nuevo jugador del LA Galaxy manifestó en redes sociales su tristeza por el deceso del exjugador y leyenda de los Lakers, quien falleció en un accidente de helicóptero.
Entérate: El día que el Tricolor maravilló a Kobe Bryant.
“Todavía no puedo creer las noticias. Lamento mucho lo que pasó. Mis condolencias y mis mejores deseos para toda la familia de Kobe”, escribió en redes el “Chicharito”.

I still can’t believe the news. I’m very sorry about what happened. My condolences and best wishes to Kobe’s whole family. #RIPMAMBA
 — Chicharito Hernandez (@CH14_) January 26, 2020

Tras confirmarse la llegada del delantero mexicano a la MLS, Kobe Bryant llenó de elogios al futbolista.




 
",El mensaje de 'Chicharito' Hernández tras la muerte de Kobe Bryant,https://www.eluniversal.com.mx/universal-deportes/futbol/el-mensaje-de-chicharito-tras-la-muerte-de-kobe-bryant
"
CDMX.- Un grupo de presuntos simpatizantes del presidente Andrés Manuel López Obrador agredieron a los integrantes de la Caravana por la Verdad, Paz y Justicia en el Zócalo de la Ciudad de México.
Cuando la caravana llegó al zócalo, simpatizantes de López Obrador confrontaron la caravana e intentaron evitar que sus integrantes avanzaran hacia el templete donde se iba a llevar a cabo el mitin y el pronunciamiento.
Hasta este momento, la marcha había transcurrido en paz.
Un contingente de las personas que se encontraban en el Zócalo desde alrededor de las 12:00 del día, avanzó hacia la columna de la caravana con la intención de expulsarlos del Zócalo, hubo empujones, gritos e insultos e inclusive manoteos.
Este grupo se encontraba en la plancha del Zócalo en un evento en el que presuntamente recababan firmas para pedir el enjuiciamiento de expresidentes.
Las personas que se encuentran en la plancha del Zócalo se negaban a dejar pasar al contingente de más de mil 200 personas y también agredieron a representantes de la prensa y medios de comunicación a quienes llamaban ""traidores"" y ""fuera chayoteros"".
 

Partidarios del presidente Andrés Manuel López Obrador agredieron a los integrantes de la Caravana por la Verdad, Justicia y Paz en el Zócalo de la Ciudad de México. Crédito: Teresa Moreno pic.twitter.com/3SDTgCDWEe
 — El Universal (@El_Universal_Mx) 26 de enero de 2020

Los seguidores del presidente acusaron a los LeBarón de traidores, asesinos, de haber votado por Enrique Peña Nieto e incluso hubo quien les gritó que ellos mismos habían ocasionado la masacre de Bavispe, Sonora, para utilizarla en su beneficio.
Algunos demandaron que se les expulsara del país y hubo quien incluso exigió su extradición, les deseó la muerte y los acusó de ""ratas"".
También hubo empujones e insultos en contra los representantes de los medios de comunicación que se encontraban en la cobertura, todo ocurrió mientras gritaban ""¡Es un honor estar con Obrador!"" así como ""¡Asesinos, asesinos, asesinos!"" a los LeBarón.
Lea también: Caravana por la Verdad integra comisión para entregar propuesta en Palacio Nacional
Por su parte, los integrantes de la caravana respondieron levantando el puño para demandar silencio en su contingente y pidieron hacer una valla humana para evitar el paso de estos grupos.
 
",Simpatizantes de AMLO agreden a integrantes de la Caravana por la Paz,http://www.eluniversal.com.mx/nacion/simpatizantes-de-amlo-agreden-integrantes-de-la-caravana-por-la-paz
"
El gobierno estadounidense anunció el jueves nuevas restricciones de visa para coartar el “turismo de maternidad”, en el que mujeres viajan a Estados Unidos a dar a luz a fin de que sus bebés tengan la codiciada ciudadanía estadounidense.

Las autoridades consulares no le darán visa a una mujer si determinan que ella está visitando Estados Unidos exclusivamente para dar a luz, según las normas publicadas en el Federal Register, el diario oficial del Gobierno de Estados Unidos.

Las mujeres extranjeras tendrán que demostrar que están viajando al país norteamericano para una razón médica específica y no meramente para tener al bebé. Cuando las autoridades consulares consideren que una solicitante de visa viajará a Estados Unidos con el objetivo de que nazca su bebé se le dará un trato similar al de cualquier persona extranjera que llegue a atenderse médicamente, y las mujeres tendrán que mostrar que vienen para recibir tratamiento médico y que tienen dinero para pagarlo.

Recomendamos 






Tips de Viaje. El paso a paso para solicitar tu visa estadounidense de turista (B2) 


¿Quieres viajar a Estados Unidos? No le des más vueltas. Te decimos cómo solicitar la visa de turista (B2) paso a paso 




El Departamento de Estado ""no cree que visitar Estados Unidos por el propósito principal de darle ciudadanía estadounidense a un bebé al tenerlo en Estados Unidos — una actividad comúnmente llamada ‘turismo de maternidad’ — es una actividad legítima para un viaje de placer o recreativo”, dicen las nuevas disposiciones, que entran en vigencia el viernes.

La llegada de mujeres a Estados Unidos para dar a luz es una práctica legal en esencia, aunque existen casos de arresto de operadores de agencias de turismo de parto acusados de fraude con visas o evasión fiscal. Las mujeres suelen expresar honestamente sus intenciones cuando solicitan la visa e incluso muestran contratos firmados con médicos y hospitales.

El gobierno de Trump ha restringido la inmigración en todas sus formas, pero hay una que irrita sobremanera al presidente: según la Constitución, toda persona que nace en Estados Unidos es ciudadana. Trump ha despotricado contra esa práctica y amenazado con ponerle fin, pero los estudiosos del tema y funcionarios del gobierno dicen que no es fácil.

Leer también José Ramón, hijo de AMLO, presume orgulloso a su primer hijo Salomón Andrés Manuel
 

Regular las visas de turista para mujeres embarazadas es una forma de encarar el problema, pero suscita los interrogantes sobre cómo determina el funcionario si la mujer está embarazada o si un agente fronterizo puede negar el ingreso a una mujer si sospecha con sólo mirarla que está esperando un bebé.

Por el momento los funcionarios consulares no tienen que preguntar durante una entrevista para visa si una mujer está embarazada o si pretende embarazarse, pero deberán determinar si la solicitante viajará a Estados Unidos principalmente para dar a luz.

El llamado turismo de maternidad es un negocio rentable en Estados Unidos y el exterior. Empresas estadounidenses hacen publicidad y cobran hasta 80.000 dólares por servicios que incluyen hotel y atención médica. Muchas mujeres rusas y chinas viajan a Estados Unidos para dar a luz. El país combate esa práctica desde antes de la llegada de Trump a la Casa Blanca.

No hay cifras de cuántas extranjeras viajan a Estados Unidos para tener a su bebé. El Centro de Estudios de Inmigración, que aboga por leyes de inmigración más estrictas, calcula que en 2012 unas 36.000 extranjeras dieron a luz en el país y a continuación salieron de él.

“Una industria entera de ‘turismo de maternidad’ ha surgido para permitirle a mujeres de otros países venir a Estados Unidos para dar a luz y así darle al bebé ciudadanía estadounidense y los beneficios que eso conlleva”, dice el Departamento de Estado.

Las nuevas disposiciones, añadió un vocero de esa agencia, pretenden ""encarar los riesgos para la seguridad nacional y la policía asociados con el turismo de maternidad, incluida la actividad delictiva asociada con la industria del turismo de maternidad"".

Lee 






Documentos que necesitas para pedir la visa de tratamiento médico


Es necesario tener el diagnóstico de un médico certificado para iniciar el proceso 





Gráfico. El paso a paso para tramitar la visa de EU



",,https://www.viveusa.mx/educacion/estados-unidos-podra-negar-la-visa-de-turista-mujeres-embarazadas
"
El Departamento de Transporte de Estados Unidos propuso una ley que hace una distinción entre animales de servicio y de apoyo emocional. Para este último rubro, además, permitiría a las aerolíneas imponer restricciones a la hora de volar.  
El documento fue dado a conocer a través de Regulations.gov, un sitio web oficial donde los ciudadanos estadounidenses pueden dar a conocer su opinión respecto a diversos temas, la cual es tomada en cuenta en el proceso de aprobar leyes. La nueva propuesta estará disponible por 60 días para que el público someta su opinión. 
Uno de sus cambios esenciales es que define a los animales de servicio como “perros individualmente entrenados para trabajar o realizar tareas en beneficio de una persona con discapacidad”. Es decir, deja fuera a cualquier otra especie animal. 
Foto: iStock
La ley también diferencia los conceptos de animales de servicio y de apoyo emocional. Las aerolíneas tendrían permitido considerar como “mascotas” a los animales de apoyo emocional; por lo tanto, podrían impedir que vuelen en cabina de pasajeros.
Las líneas aéreas también podrían limitar el número de animales de servicio a bordo, así como restringir su tamaño y exigir comprobantes de entrenamiento, explica la BBC. Sin embargo, no tendrían permitido hacer distinciones por razas caninas. 
Lee también: Estrenan transportadora inteligente para que tu mascota vaya cómoda en el avión 
Esta propuesta de ley va en contra de otra norma propuesta en agosto pasado, la cual señalaba que las aerolíneas no podían restringir a los pasajeros de viajar con animales de apoyo emocional, ni prohibir una raza o especie en específico. 
Foto: iStock
Existe un debate sobre el tema, pues sobrecargos y otros pasajeros se han quejado del comportamiento que presentan los animales a bordo. También se han presentado incidentes; por ejemplo, una sobrecargo fue mordida por un perro de apoyo emocional el año pasado. 
Otro problema es que las aerolíneas comienzan a dudar si realmente en todos los casos se trata de animales de apoyo emocional o es una estrategia de algunos pasajeros para evitar tarifas extra o documentar a sus mascotas. Se han presentado viajeros con ardillas o un pavorreal, presentándolos como animales de apoyo. 
Foto: iStock
Lee también: SCT emite norma para el transporte de mascotas en avión

En México 
Según la norma NOM-EM-121 de la Secretaría de Comunicaciones y Transportes, solo los animales de servicio (incluyendo perros lazarillos y animales de apoyo emocional) pueden viajar en cabina de pasajeros, sin cargo alguno. La excepción son los animales “potencialmente peligrosos” y los perros braquicéfalos (de cráneo u hocico muy corto), por el riesgo que implica volar para ellos. 
Foto: iStock
Busca más inspiración y consejos de viaje en Destinos 
",Aerolíneas de EU podrían impedir que animales de apoyo emocional vuelen en cabina,http://www.eluniversal.com.mx/destinos/aerolineas-de-eu-podrian-restringir-animales-de-apoyo-emocional
"

Al cumplirse el aniversario 75 de la liberación de Auschwitz, el campo de concentración y exterminio más grande de Europa, Adán García es contundente: “Un genocidio no empieza con el asesinato de una persona, sino que se gesta en cuestiones tan sencillas como un insulto o en la discriminación y violencia hacia el otro por el simple hecho de ser diferente”.

En entrevista con EL UNIVERSAL, el director Académico del Museo Memoria y Tolerancia afirma que aquel 27 de enero de 1945 —cuando el Ejército Rojo de la Unión de Repúblicas Socialistas Soviéticas (URSS) rescató a 7 mil prisioneros del más de un millón y medio de personas que ahí estuvieron recluidas— deja a la sociedad la enseñanza de que el ser humano tiene una capacidad destructiva inimaginable, pero posee la libertad de elegir una actitud que se contraponga a la violencia, la injusticia y el odio.

Para García, los discursos de odio empiezan desde casa y pueden escalar hasta convertirse en la bandera política de cualquier país.

Actos como el atentado antisemita ocurrido en Pittsburgh en 2018, en el que murieron 11 judíos en una sinagoga; las manifestaciones supremacistas de neonazis, blancos y miembros del Ku Klux Klan en Charlottesville, en 2017, o el tiroteo del año pasado en El Paso, Texas, en el que el atacante buscaba asesinar mexicanos en un Walmart, son consecuencia de “utilizar al otro, al diferente, para construir un enemigo y forjar una identidad nacional”.

Estos genocidios son posibles porque quienes escuchan insultos y discursos que vulneran los derechos del otro o lesionan su dignidad, los normalizan y aceptan tácitamente, al no levantar la voz, que eso se puede hacer.

“Cuando tú te burlas de un compañero por su orientación sexual o lo llamas con un apodo por su tono de piel u origen, eso atenta contra la igualdad. Estás deshumanizándolo a él, pero también a ti porque estás dejando de actuar con humanidad”.

Asegura que todos los días corremos el riesgo de que esos prejuicios que inician desde lo más pequeño de la vida cotidiana escalen a la gente en el poder y que un ataque contra una población específica inicie un conflicto.

“Una de las lecciones de este aniversario es la reflexión de que el Holocausto fue algo que pudo haberse detenido, no tenía por qué haber pasado (…) Que los seres humanos podemos ser capaces de la peor crueldad, pero también de los actos más sublimes de salvación del otro, porque dentro del Holocausto nazi hubo también gente que salvó a muchas personas.

“La humanidad como valor protege al género humano. Y si esa actitud se contrapone al odio, si tiene que ver con el respeto, con la aceptación de las diferencias y con la búsqueda de la convivencia armónica (...) otro mundo es posible”.

La liberación

Antes de que el Holocausto tuviera nombre, la gente se refería a los horrores que cometió el régimen nazi contra el pueblo judío como “lo que pasó en Auschwitz”, explica García. En ese lugar, donde se había industrializado la muerte, el panorama que encontraron los soldados soviéticos era tan inimaginable, inhumano y macabro que la gente llegó a dudar de su existencia.

El campo estaba dividido en tres partes: Auschwitz I era sólo para concentración; Birkenau era un sitio de exterminio y en Monowitz se extraía hasta la última gota de vida en trabajos forzados.

“Los nazis calculaban cuántas calorías se necesitaban para sobrevivir de un día a otro hasta que los cuerpos de los prisioneros se fueran consumiendo mientras hacían los trabajos que los obligaban a realizar.

“Una persona duraba más o menos cuatro meses en los campos de concentración. La gente que el Ejército Rojo encontró el día de la liberación tenía más o menos ese tiempo viviendo en los campos. Estaban en los huesos”, relata.

Ante el miedo de perder la guerra, los alemanes incrementaron sus esfuerzos por exterminar al pueblo judío y a “otros enemigos” del régimen nazi en los crematorios. Después buscaron eliminar la evidencia.

“Mientras el ejército soviético avanzaba, empiezan a sacar a la gente de los campos y a llevarlos en las marchas de la muerte. Eran transportados a pie en el invierno europeo hacia el norte. Lo que buscaban era que murieran en el camino y así seguir borrando la evidencia de que habían estado en los campos”.

La liberación, asegura, no marcó el fin de la Segunda Guerra Mundial, sino que llegó tarde para la mayoría de los prisioneros —primero en ese campo y después en otros— y dejó varados, sin presente ni futuro, a 11 millones de sobrevivientes.

 
",“El genocidio empieza con un insulto”,http://www.eluniversal.com.mx/mundo/el-genocidio-empieza-con-un-insulto
"
Los 49ers de San Francisco y los Chiefs de Kansas City se enfrentarán el próximo 2 de febrero en el Hard Rock Stadium de Miami para ganar el trofeo Vince Lombardi del Super Bowl LIV. Si tienes tus boletos a la mano o cuentas con la oportunidad de conseguirlos pronto, debes tener todo preparado para tu viaje. 

A causa del incremento de visitantes por el partido más importante de la Liga Nacional de Futbol Americano (NFL), los hoteles esperan altos niveles de ocupación y los precios por noche también aumentarán. 

Recuerda que los vuelos más baratos hacia Miami, Florida, se encuentran desde 7 mil 900 pesos mexicanos para el viernes previo al encuentro y en 4 mil 500 pesos para el regreso a la Ciudad de México el lunes 3 de febrero. 

Relacionado






¿Cuánto cuestan los boletos para el Super Bowl LIV en Miami?


Los fanáticos de la NFL también deberán pagar por su transportación, estacionamiento, alimentos, bebidas y souvenirs en el estadio Hard Rock 


 

Si todavía no tienes reservada tu estancia de hotel, checa los siguientes precios, de acuerdo con las principales agencias de viajes por internet, para tres noches del viernes 31 de enero al lunes 3 de febrero, para dos personas. 

En Despegar la estancia rebasa los 20 mil pesos en la ciudad de Miami. El Nuevo Suites Miami Airport West/Doral cobra 27 mil 850 pesos, con desayuno continental incluído, mientras que el Miami International Airport Hotel pide 20 mil 390 pesos. 

En Miami Gardens, el Stadium Hotel tiene un costo de 44 mil 543 pesos por las tres noches de alojamiento y está ubicado a 7 minutos en automóvil del Hard Rock Stadium, donde se llevará a cabo el Super Bowl LIV. 



Foto: Captura de pantalla 

En Best Day, el hotel más barato del 31 de enero al 3 de febrero, a 26 minutos del recinto es el Holiday Inn Express Miami Airport Doral Area. El alojamiento y desayuno tiene un costo de 7 mil 494 pesos por noche, por lo que el total queda en 22 mil 483 pesos. 

Otra opción con un costo simular es el Holiday Inn Miami International Airport, a 20 minutos del Hard Rock Stadium. Cada noche cuesta 9 mil 307 pesos, así que por toda la estancia se pagarían 27 mil 922 pesos mexicanos. 

En esta plataforma, el alojamiento más costoso se encuentra en la zona de Miami Beach. Se trata del hotel Hilton Bentley Miami South Beach, donde cada noche cuesta 58 mil 932 pesos y el total de la estancia queda en 176 mil 796 pesos. 



Foto: Captura de pantalla 

Por otra parte, en el sitio Hoteles.com el alojamiento de tres noches en el centro de Miami tiene un costo de 6 mil 110 pesos la noche, lo que se deriva en un total de 16 mil 884 pesos. El más caro en esta zona es el SLS LUX Brickell con habitaciones desde 20 mil 076 pesos por noche. 

No obstante, los hoteles más baratos a pocos minutos de recinto que albergará el Super Bowl LIV, se ofertan desde 8 mil 237 pesos por noche, lo que resulta en 24 mil 711 pesos por toda la estancia. 



Foto: Captura de pantalla 

Visita






Disney World aumenta la euforia por el Super Bowl con atracciones 


Habrá mascotas de la NFL, porristas, baile y exhibiciones de datos curiosos sobre el Super Bowl



 
",,https://www.viveusa.mx/destinos/cuanto-cuesta-un-hotel-en-miami-el-fin-de-semana-del-super-bowl
"



    googletag.cmd.push(function() {
      googletag.display(""dfp-ad-top3_content"");
    });
  


Francely, de La Academia, se convirtió en la nueva Jolette.
En el concierto del 19 de enero fue de las más atacadas por los jueces.
En una de sus respuestas dijo: “Si el público no me saca, yo no me voy a ir”.
Esta frase recordó inmediatamente a Jolette, a quien concierto tras concierto la querían sacar, pero el público la mantuvo.
Y es que Francely tieneuna voz peculiar y talento, pero es la que menos avance ha mostrado.
Aunado a que fue parte del escándalo de Gibrán y Danna Paola.
VER: La verdadera historia de Jolette
Perfil de Francely
Su nombre completo es Francely Martínez Pérez Abreu. 
Nació el 10 de mayo del 2000 en Mérida, Yucatán.
En su primer concierto interpretó “Cómo hemos cambiado”, pero las críticas no fueron positivas.
Un malestar en la garganta y la actitud la llevaron a dar una mala presentación.
El rap es su género favorito y se describe como una persona alegre, positiva, versátil, carismática y auténtica.
Sus ojos claros llamaron la atención y es una de las más guapas de esta generación de La Academia.
La historia de amor que vivía con Gibrán quedó frustrada dos veces, por la salida del cantante.
TE PUEDE INTERESAR
14 participantes de La Academia 2019
La Academia en vivo 2019, dónde verla
","Francely de La Academia, la nueva Jolette",http://www.unionyucatan.mx/articulo/2020/01/24/espectaculos/francely-de-la-academia-la-nueva-jolette
